{"v":"5.7.5","fr":60,"ip":42,"op":180,"w":512,"h":512,"nm":"Frame 3","ddd":0,"assets":[{"id":"comp_0","layers":[{"ddd":0,"ind":1,"ty":0,"nm":"Frame 1","refId":"comp_1","sr":1,"ks":{"o":{"a":0,"k":100,"ix":11},"r":{"a":0,"k":120,"ix":10},"p":{"a":0,"k":[500,500,0],"ix":2,"l":2},"a":{"a":0,"k":[500,500,0],"ix":1,"l":2},"s":{"a":0,"k":[100,100,100],"ix":6,"l":2}},"ao":0,"w":1000,"h":1000,"ip":0,"op":1200,"st":0,"bm":0},{"ddd":0,"ind":2,"ty":0,"nm":"Frame 1","refId":"comp_1","sr":1,"ks":{"o":{"a":0,"k":100,"ix":11},"r":{"a":0,"k":240,"ix":10},"p":{"a":0,"k":[500,500,0],"ix":2,"l":2},"a":{"a":0,"k":[500,500,0],"ix":1,"l":2},"s":{"a":0,"k":[100,100,100],"ix":6,"l":2}},"ao":0,"w":1000,"h":1000,"ip":0,"op":1200,"st":0,"bm":0},{"ddd":0,"ind":3,"ty":0,"nm":"Frame 1","refId":"comp_1","sr":1,"ks":{"o":{"a":0,"k":100,"ix":11},"r":{"a":0,"k":0,"ix":10},"p":{"a":0,"k":[500,500,0],"ix":2,"l":2},"a":{"a":0,"k":[500,500,0],"ix":1,"l":2},"s":{"a":0,"k":[100,100,100],"ix":6,"l":2}},"ao":0,"w":1000,"h":1000,"ip":0,"op":1200,"st":0,"bm":0}]},{"id":"comp_1","layers":[{"ddd":0,"ind":1,"ty":3,"nm":"Null 2","sr":1,"ks":{"o":{"a":0,"k":0,"ix":11},"r":{"a":1,"k":[{"i":{"x":[0],"y":[1]},"o":{"x":[0.333],"y":[0]},"t":0,"s":[0]},{"i":{"x":[0.833],"y":[1]},"o":{"x":[0.333],"y":[0]},"t":60,"s":[120]},{"i":{"x":[0],"y":[1]},"o":{"x":[0.425],"y":[0]},"t":126,"s":[120]},{"t":189,"s":[240]}],"ix":10},"p":{"a":0,"k":[500,500,0],"ix":2,"l":2},"a":{"a":0,"k":[0,0,0],"ix":1,"l":2},"s":{"a":0,"k":[100,100,100],"ix":6,"l":2}},"ao":0,"ip":0,"op":1200,"st":0,"bm":0},{"ddd":0,"ind":2,"ty":3,"nm":"NULL CONTROL","parent":1,"sr":1,"ks":{"o":{"a":0,"k":0,"ix":11},"r":{"a":0,"k":0,"ix":10},"p":{"a":0,"k":[7.405,201.062,0],"ix":2,"l":2},"a":{"a":0,"k":[60,60,0],"ix":1,"l":2},"s":{"a":0,"k":[100,100,100],"ix":6,"l":2}},"ao":0,"ip":0,"op":1200,"st":0,"bm":0},{"ddd":0,"ind":3,"ty":4,"nm":"bottom","parent":2,"td":1,"sr":1,"ks":{"o":{"a":0,"k":100,"ix":11},"r":{"a":0,"k":0,"ix":10},"p":{"a":0,"k":[-118.434,47.498,0],"ix":2,"l":2},"a":{"a":0,"k":[0,0,0],"ix":1,"l":2},"s":{"a":0,"k":[100,100,100],"ix":6,"l":2}},"ao":0,"shapes":[{"ty":"gr","it":[{"ind":0,"ty":"sh","ix":1,"ks":{"a":0,"k":{"i":[[0,0],[-28.197,-59.437],[-14.643,-9.697],[-17.455,-1.11],[-56.006,-0.12],[-0.232,67.609],[76.146,3.153],[19.863,24.252]],"o":[[28.352,57.079],[8.02,15.76],[14.643,9.697],[55.581,3.457],[0.269,-67.611],[-76.612,-0.033],[-42.381,-1.746],[0,0]],"v":[[-147.209,-102.815],[-76.517,43.041],[-41.941,81.88],[7.03,98.368],[146.545,102.818],[147.209,-66.182],[-43.757,-70.098],[-147.209,-102.818]],"c":false},"ix":2},"nm":"Path 1","mn":"ADBE Vector Shape - Group","hd":false},{"ty":"fl","c":{"a":0,"k":[0,1,0.7607843137254902,1],"ix":4},"o":{"a":0,"k":100,"ix":5},"r":1,"bm":0,"nm":"Fill 1","mn":"ADBE Vector Graphic - Fill","hd":false},{"ty":"tr","p":{"a":0,"k":[0,0],"ix":2},"a":{"a":0,"k":[0,0],"ix":1},"s":{"a":0,"k":[100,100],"ix":3},"r":{"a":0,"k":0,"ix":6},"o":{"a":0,"k":100,"ix":7},"sk":{"a":0,"k":0,"ix":4},"sa":{"a":0,"k":0,"ix":5},"nm":"Transform"}],"nm":"bottom","np":2,"cix":2,"bm":0,"ix":1,"mn":"ADBE Vector Group","hd":false}],"ip":0,"op":1200,"st":0,"bm":0},{"ddd":0,"ind":4,"ty":4,"nm":"Shape Layer 1","parent":2,"tt":1,"sr":1,"ks":{"o":{"a":0,"k":100,"ix":11},"r":{"a":0,"k":0,"ix":10},"p":{"a":1,"k":[{"i":{"x":0,"y":1},"o":{"x":0.333,"y":0},"t":0,"s":[238.434,72.502,0],"to":[0,0,0],"ti":[63.333,0,0]},{"t":60,"s":[-115.566,72.502,0],"h":1},{"i":{"x":0.667,"y":1},"o":{"x":0.333,"y":0},"t":126,"s":[-115.566,72.502,0],"to":[-55.418,0,0],"ti":[0,0,0]},{"t":171,"s":[238.434,72.502,0]}],"ix":2,"l":2},"a":{"a":0,"k":[217.839,213.565,0],"ix":1,"l":2},"s":{"a":0,"k":[100,100,100],"ix":6,"l":2}},"ao":0,"shapes":[{"ty":"gr","it":[{"ind":0,"ty":"sh","ix":1,"ks":{"a":1,"k":[{"i":{"x":0,"y":1},"o":{"x":0.333,"y":0},"t":0,"s":[{"i":[[0,0],[0,0],[0,0],[0,0]],"o":[[0,0],[0,0],[0,0],[0,0]],"v":[[198.161,-195.565],[198.161,195.565],[-198.161,195.565],[-198.161,-195.565]],"c":true}]},{"i":{"x":0.833,"y":1},"o":{"x":0.333,"y":0},"t":60,"s":[{"i":[[0,0],[0,0],[0,0],[0,0]],"o":[[0,0],[0,0],[0,0],[0,0]],"v":[[198.161,-195.565],[390.161,195.13],[-22.161,195.13],[-212.161,-195.13]],"c":true}]},{"i":{"x":0.833,"y":1},"o":{"x":0.167,"y":0},"t":126,"s":[{"i":[[0,0],[0,0],[0,0],[0,0]],"o":[[0,0],[0,0],[0,0],[0,0]],"v":[[198.161,-195.565],[390.161,195.13],[-22.161,195.13],[-212.161,-195.13]],"c":true}]},{"t":154,"s":[{"i":[[0,0],[0,0],[0,0],[0,0]],"o":[[0,0],[0,0],[0,0],[0,0]],"v":[[198.161,-195.565],[198.161,195.565],[-198.161,195.565],[-198.161,-195.565]],"c":true}]}],"ix":2},"nm":"Path 1","mn":"ADBE Vector Shape - Group","hd":false},{"ty":"gf","o":{"a":0,"k":100,"ix":10},"r":1,"bm":0,"g":{"p":3,"k":{"a":0,"k":[0,0,1,0.7607843137254902,0.5,0,1,0.7607843137254902,1,0,1,0.7607843137254902],"ix":9}},"s":{"a":0,"k":[0,0],"ix":5},"e":{"a":0,"k":[100,0],"ix":6},"t":1,"nm":"Gradient Fill 1","mn":"ADBE Vector Graphic - G-Fill","hd":false},{"ty":"tr","p":{"a":0,"k":[217.839,213.565],"ix":2},"a":{"a":0,"k":[0,0],"ix":1},"s":{"a":0,"k":[100,100],"ix":3},"r":{"a":0,"k":0,"ix":6},"o":{"a":0,"k":100,"ix":7},"sk":{"a":0,"k":0,"ix":4},"sa":{"a":0,"k":0,"ix":5},"nm":"Transform"}],"nm":"Rectangle 1","np":3,"cix":2,"bm":0,"ix":1,"mn":"ADBE Vector Group","hd":false}],"ip":0,"op":1200,"st":0,"bm":0},{"ddd":0,"ind":5,"ty":3,"nm":"Null 1","parent":2,"sr":1,"ks":{"o":{"a":0,"k":0,"ix":11},"r":{"a":1,"k":[{"i":{"x":[0],"y":[1]},"o":{"x":[0.333],"y":[0]},"t":11,"s":[-90]},{"i":{"x":[0.833],"y":[1]},"o":{"x":[0.167],"y":[0]},"t":60,"s":[0]},{"i":{"x":[0.667],"y":[1]},"o":{"x":[0.167],"y":[0]},"t":135,"s":[0]},{"t":183,"s":[90]}],"ix":10},"p":{"a":0,"k":[28.595,150.938,0],"ix":2,"l":2},"a":{"a":0,"k":[0,0,0],"ix":1,"l":2},"s":{"a":0,"k":[100,100,100],"ix":6,"l":2}},"ao":0,"ip":11,"op":1211,"st":11,"bm":0},{"ddd":0,"ind":6,"ty":4,"nm":"Shape Layer 2","parent":2,"td":1,"sr":1,"ks":{"o":{"a":0,"k":100,"ix":11},"r":{"a":0,"k":0,"ix":10},"p":{"a":0,"k":[-166.405,-165.562,0],"ix":2,"l":2},"a":{"a":0,"k":[-195,-36.5,0],"ix":1,"l":2},"s":{"a":0,"k":[100,100,100],"ix":6,"l":2}},"ao":0,"shapes":[{"ty":"gr","it":[{"ind":0,"ty":"sh","ix":1,"ks":{"a":0,"k":{"i":[[0,0],[0,0],[-71.5,-52],[0,0],[0,0]],"o":[[0,0],[0,0],[71.5,52],[0,0],[0,0]],"v":[[-133,-166],[-357,-155],[-287,67.5],[-105,93],[-33,73]],"c":true},"ix":2},"nm":"Path 1","mn":"ADBE Vector Shape - Group","hd":false},{"ty":"fl","c":{"a":0,"k":[0,1,0.7607843137254902,1],"ix":4},"o":{"a":0,"k":100,"ix":5},"r":1,"bm":0,"nm":"Fill 1","mn":"ADBE Vector Graphic - Fill","hd":false},{"ty":"tr","p":{"a":0,"k":[0,0],"ix":2},"a":{"a":0,"k":[0,0],"ix":1},"s":{"a":0,"k":[100,100],"ix":3},"r":{"a":0,"k":0,"ix":6},"o":{"a":0,"k":100,"ix":7},"sk":{"a":0,"k":0,"ix":4},"sa":{"a":0,"k":0,"ix":5},"nm":"Transform"}],"nm":"Shape 1","np":3,"cix":2,"bm":0,"ix":1,"mn":"ADBE Vector Group","hd":false}],"ip":11,"op":1211,"st":11,"bm":0},{"ddd":0,"ind":7,"ty":4,"nm":"up","parent":5,"tt":1,"sr":1,"ks":{"o":{"a":0,"k":100,"ix":11},"r":{"a":0,"k":0,"ix":10},"p":{"a":0,"k":[-200.996,-286.944,0],"ix":2,"l":2},"a":{"a":0,"k":[0,0,0],"ix":1,"l":2},"s":{"a":0,"k":[100,100,100],"ix":6,"l":2}},"ao":0,"shapes":[{"ty":"gr","it":[{"ind":0,"ty":"sh","ix":1,"ks":{"a":0,"k":{"i":[[0,0],[21.285,13.014],[10.803,-18.24],[-26.075,-3.35],[22.888,0.29],[-47.517,82.911],[-5.267,9.2],[21.263,13.047],[-68.977,-1.906],[-32.347,-60.192]],"o":[[-21.253,-13.079],[-10.907,18.042],[-12.727,21.181],[-29.634,-0.989],[-89.245,-1.412],[5.189,-9.292],[-21.293,-13.017],[67.334,0.732],[32.504,60.24],[0,0]],"v":[[126.003,51.195],[72.836,18.601],[45.716,64.001],[73.698,103.056],[-4.212,100.867],[-85.83,-47.511],[-72.804,-70.53],[-126.004,-103.056],[44.644,-99.531],[126.004,51.198]],"c":false},"ix":2},"nm":"Path 1","mn":"ADBE Vector Shape - Group","hd":false},{"ty":"fl","c":{"a":0,"k":[0,1,0.7607843137254902,1],"ix":4},"o":{"a":0,"k":100,"ix":5},"r":1,"bm":0,"nm":"Fill 1","mn":"ADBE Vector Graphic - Fill","hd":false},{"ty":"tr","p":{"a":0,"k":[0,0],"ix":2},"a":{"a":0,"k":[0,0],"ix":1},"s":{"a":0,"k":[100,100],"ix":3},"r":{"a":0,"k":0,"ix":6},"o":{"a":0,"k":100,"ix":7},"sk":{"a":0,"k":0,"ix":4},"sa":{"a":0,"k":0,"ix":5},"nm":"Transform"}],"nm":"up","np":2,"cix":2,"bm":0,"ix":1,"mn":"ADBE Vector Group","hd":false}],"ip":4,"op":1204,"st":4,"bm":0}]}],"layers":[{"ddd":0,"ind":1,"ty":0,"nm":"Frame 2","refId":"comp_0","sr":1,"ks":{"o":{"a":0,"k":100,"ix":11},"r":{"a":0,"k":0,"ix":10},"p":{"a":0,"k":[256,256,0],"ix":2,"l":2},"a":{"a":0,"k":[500,500,0],"ix":1,"l":2},"s":{"a":0,"k":[51.2,51.2,100],"ix":6,"l":2}},"ao":0,"w":1000,"h":1000,"ip":72,"op":1272,"st":72,"bm":0},{"ddd":0,"ind":2,"ty":0,"nm":"Frame 2","refId":"comp_0","sr":1,"ks":{"o":{"a":0,"k":100,"ix":11},"r":{"a":0,"k":0,"ix":10},"p":{"a":0,"k":[256,256,0],"ix":2,"l":2},"a":{"a":0,"k":[500,500,0],"ix":1,"l":2},"s":{"a":0,"k":[51.2,51.2,100],"ix":6,"l":2}},"ao":0,"w":1000,"h":1000,"ip":-60,"op":96,"st":-60,"bm":0}],"markers":[]}